<?xml version="1.0" encoding="UTF-8"?>
<project-private xmlns="http://www.netbeans.org/ns/project-private/1">
    <editor-bookmarks xmlns="http://www.netbeans.org/ns/editor-bookmarks/2" lastBookmarkId="0"/>
    <open-files xmlns="http://www.netbeans.org/ns/projectui-open-files/2">
        <group>
            <file>file:/D:/Coding/Java/Final%20Project/Final%20Final%20V2/src/Sekil.java</file>
            <file>file:/D:/Coding/Java/Final%20Project/Final%20Final%20V2/src/SariTop.java</file>
            <file>file:/D:/Coding/Java/Final%20Project/Final%20Final%20V2/src/RoundedPanel.java</file>
            <file>file:/D:/Coding/Java/Final%20Project/Final%20Final%20V2/src/MainFrame.java</file>
            <file>file:/D:/Coding/Java/Final%20Project/Final%20Final%20V2/src/GamePanel.java</file>
            <file>file:/D:/Coding/Java/Final%20Project/Final%20Final%20V2/src/Enterance.java</file>
        </group>
    </open-files>
</project-private>
